original_index,0,1,2,3,4,5,6,7,8,9
0,0.028511864268150985,0.04157314408914182,0.027930771476567147,0.03507549107674383,0.0223237541021361,0.03050181166261171,0.07861315654805257,0.05485055959596234,0.029714298683939957,0.0448730588056557
1,0.4288210259559596,0.05084194866679444,0.06127084454178193,0.040907589410066864,0.04094856963239496,0.05223295110267504,0.05695837144209809,0.05840727047034093,0.10313015226403494,0.10648127651385321
2,1.0,2.257809711772754e-308,2.682937076205291e-308,1.7347793266217115e-308,1.729303821021779e-308,2.288933462096858e-308,2.268684722758604e-308,2.3152152227505115e-308,4.039530230138102e-308,3.9116227796429913e-308
4,0.0557940719668868,0.03688244624049987,0.19953207097408862,0.09876682219515644,0.053797443940477904,0.042118890053316385,0.08235411490455273,0.04938956257655483,0.06388532119568527,0.04827624686207995
5,0.07952151646793883,0.05462169810189621,0.1040248483584619,0.078892896297065,0.04762995809868492,0.04975678530405194,0.15204319688705897,0.07855789714161358,0.08506637335787508,0.11158731644093084
6,2.679468689800563e-308,2.5277364175368644e-308,3.3167015214120537e-308,4.1112067281067396e-308,2.3134612627135183e-308,2.555606100116353e-308,1.0,5.467927424428061e-308,3.86980993638507e-308,3.785311014892597e-308
7,0.058033247217643545,0.04328259600340061,0.0902215012081161,0.07366994624780374,0.044109059889272,0.0436729402163901,0.17021451540908236,0.06881610223079605,0.07426398174504364,0.07458949864296702
8,2.076270245320122e-308,1.0,1.6350087629283467e-308,1.8982007482814035e-308,1.523285801651489e-308,2.770920569718868e-308,2.3210446898730614e-308,2.776154692707906e-308,1.99605583128101e-308,2.5746346640196694e-308
9,0.05347775784346678,0.07865617937074512,0.041139873110237625,0.049139643199752635,0.04125004584415833,0.08081326681554062,0.08864099243918565,0.34641882827803433,0.06962608389088154,0.0852557026391341
10,0.07926436340641456,0.08565389385079708,0.05519703944890631,0.057709998104818035,0.04559832656693717,0.06348601450768306,0.11414202687968349,0.1304078983829888,0.08892973615929003,0.1648147035776615
11,0.11959232683013059,0.04505755285656358,0.05265940883274302,0.03922076415134196,0.03991549569318138,0.04976363098578336,0.061537000974159026,0.06505693793487245,0.12959500158030784,0.1299137222300876
12,1.0,1.9123364750877867e-308,3.9601046583212035e-308,1.9961285429760295e-308,1.963174111589742e-308,2.1024390291737047e-308,2.4154037979797506e-308,2.153557988841002e-308,4.2072954547833177e-308,3.1153134372525567e-308
13,5.012366111506787e-308,3.143750781151867e-308,2.436780841283239e-308,2.0894094229047366e-308,1.69696052609388e-308,2.465231932402114e-308,3.719172202100611e-308,3.8721231079457997e-308,3.699678250629479e-308,1.0
14,0.14325522466883794,0.057596934595715875,0.05609503814796724,0.04488791824812612,0.043051006741418596,0.058859345897221436,0.07269789985362472,0.08284733703965864,0.11961922668436129,0.21216921819513454
15,0.15803181286631077,0.057447054918404135,0.04971820022503637,0.03899042245701143,0.03491031408728797,0.05106304731275884,0.0612984565438458,0.06744979028726153,0.08235694680860865,0.24945499670504087
16,0.018622036128154634,0.01766858938666584,0.029104918663256048,0.044254947497287034,0.06021927751295918,0.026466911181271244,0.02729112802379243,0.023600605402950968,0.025638521457781158,0.01731241784434527
17,0.09596327618343724,0.05764243686187505,0.31118520521078397,0.10758874091449808,0.05620538333692512,0.054074203542072076,0.09110025867788347,0.06184566168061196,0.07327152727625659,0.07660511683599014
18,1.6391481406823973e-308,1.9278543019028607e-308,2.6474037722462576e-308,1.0,2.59468086653635e-308,2.0876711188747993e-308,4.1856247616066826e-308,2.556784915673299e-308,2.110200332237198e-308,1.8096078155506797e-308
19,0.08023179131700277,0.026634255169960364,0.053427909319319365,0.02883694665638393,0.024973022784096983,0.0271860479270615,0.03994605135754738,0.03102391070585016,0.04882690392436074,0.05870905585691576
20,0.08466629657789379,0.06324852091703531,0.21811023360201234,0.12934301823019717,0.058170926787555755,0.057114350691440004,0.09398498790647947,0.0632635635517024,0.07020918225252736,0.0731965946448695
21,0.03556282374208331,0.5320855793534376,0.02604864647518253,0.029773784216389664,0.02410851969069129,0.04527725703977503,0.03944796098067085,0.051875384521634434,0.034049890869869016,0.04843713135607505
22,0.06894582066811111,0.0788508709484903,0.03926541630291418,0.03903696509636601,0.0352541878593324,0.0633942133772124,0.06482317733329922,0.11013513500820936,0.07058410851775228,0.15653412735885766
24,0.028908545607110817,0.028115563740866684,0.06024773277134912,0.4340052585949522,0.033339186083771184,0.027670971611246216,0.04954238222254462,0.0315979273725813,0.031021854284370817,0.028588433729997562
25,0.10677859126539256,0.0459384220010277,0.039043781318520904,0.031355005319659075,0.03145757732724987,0.0496935955230014,0.04745319094198628,0.05937878910791624,0.09245121581210938,0.10910496861266364
26,0.02712945345131266,0.023347792850104257,0.03507069070939582,0.040802094277039555,0.4656017840930298,0.039265520856395536,0.03321588913341006,0.03246291595284637,0.04058956743055665,0.02374665458197366
27,1.0,1.8976751577516416e-308,3.9970416282884305e-308,1.96610028369619e-308,1.8831724037170926e-308,2.03382076811686e-308,2.2722261192000293e-308,2.024448937764257e-308,3.6541004663637575e-308,2.918885582829027e-308
29,0.07501018297465029,0.05089166721400754,0.35803632675156094,0.1332225797758741,0.05725993787036804,0.050387190175508446,0.08140285703661237,0.055064134189778985,0.06412029105365942,0.060086643478313655
30,0.14133288237066097,0.05804162119855228,0.06534512382975699,0.050005873416934396,0.0531748995314487,0.06783519238423077,0.07625700251378514,0.08627581768206245,0.21016239987831217,0.13792220947901557
32,0.03884981528596777,0.026082782177075645,0.08488488623337184,0.051516688135825016,0.03420974025034883,0.02758206993217551,0.04524449478146171,0.030106554611551612,0.03943239804857813,0.03347534753121827
34,0.043649540928301346,0.047751276718142166,0.060999994094610745,0.10312808675598663,0.04111196409166286,0.044333021393435264,0.36418914582678436,0.08062994642288056,0.05493805532508104,0.05766066662516906
36,0.06631280849842415,0.10381613865710894,0.04047547782252357,0.04238930486467246,0.03593426970861101,0.06293706873970933,0.07087996945322447,0.10695350144099246,0.06476415748595704,0.13236132579932164
37,4.0625537772799905e-308,2.751133085541286e-308,2.11896212427597e-308,1.872994622901005e-308,1.53709373100674e-308,2.1444911595382493e-308,3.4303774901204705e-308,3.5097247622663653e-308,3.1712693566429903e-308,1.0
38,0.03292965001048229,0.03390680256880731,0.025547514802731357,0.026497310925066863,0.021264315700605187,0.033265688682938395,0.06159634826933809,0.07915050439511936,0.0385484034191863,0.0660487902944405
39,0.1355252975433115,0.0491851404393907,0.04993712684354338,0.03554115553784839,0.04189871886819354,0.0629285114810146,0.04753371479600629,0.05351372083892204,0.11726418654049596,0.07297277695525475
40,2.4338005733607463e-308,3.1816078595681315e-308,2.1239250954385817e-308,2.696833652967144e-308,2.102736212738582e-308,3.4553054603874584e-308,5.883528798060299e-308,1.0,3.5677843251643775e-308,3.744669321289628e-308
41,3.434833747682612e-308,1.8136668942299313e-308,1.0,4.027636564234185e-308,2.423624162871841e-308,1.9762188303642118e-308,3.2436690735848155e-308,2.186841074996152e-308,2.970624293659189e-308,2.403871257690945e-308
42,0.06908307416191564,0.05512148496344312,0.07276480396731805,0.06773976977027488,0.04206776972522917,0.0478543911109368,0.20228517749932148,0.0883128754475789,0.07678187611886977,0.11969126369068948
43,0.10059445081012407,0.0850884284145574,0.05097962972371577,0.04781537089262525,0.04517418393008891,0.08300831326908986,0.07686166875198255,0.1228550112278752,0.1105055129488918,0.1632798357328688
44,0.25831495825521716,0.049267446143871525,0.07053301340758034,0.04547391708643558,0.04893757396153022,0.05686981392484489,0.06445082204620262,0.06444818657736509,0.18090598515584252,0.0991101377507591
45,4.413977863787918e-308,2.287196905356802e-308,3.1734497125503317e-308,2.5750295539368066e-308,3.0567384883031614e-308,3.231239147389232e-308,4.043667513519057e-308,4.164016647356948e-308,1.0,3.799751121508252e-308
46,0.06038029734148546,0.14073439514861055,0.03715790252583219,0.03867835423929489,0.03297919484349156,0.05901952949980081,0.0561557742187534,0.07729159227008052,0.054709375756069455,0.0970319781804616
47,4.593510175736258e-308,2.797765377982359e-308,2.212511987366226e-308,1.9097610001136295e-308,1.6196196819459207e-308,2.36008308808706e-308,3.4023682435398025e-308,3.83561791266548e-308,3.6445685480186314e-308,1.0
48,0.06518841414312063,0.040350499176421355,0.0784168268015447,0.05489257368877572,0.03510899915303938,0.036815208044381945,0.09598897762183577,0.05575667813883474,0.06499929127001139,0.09196026959816096
49,0.05639307225488709,0.1037394993471588,0.03943093496682222,0.04481332921750463,0.037691517903974764,0.06378284316214472,0.0739594836935615,0.12245404421896255,0.061858926756327814,0.097345915932095
50,0.02028425781997468,0.02048111335648314,0.02708742644438676,0.03668931038312993,0.06686648245307043,0.03796782689574583,0.028787482291445062,0.028739081944794666,0.030382983654196026,0.019404138346660712
52,0.028327667843653346,0.023012602034104133,0.03404673970251181,0.036270071544619496,0.3943780440083014,0.03985013501680898,0.032220081583425916,0.032220512440076204,0.043681127907721405,0.024059631364822885
53,1.0,2.3750485338689983e-308,2.911500414411127e-308,1.865291124235686e-308,1.7495826135496406e-308,2.300553753608827e-308,2.5518160717655343e-308,2.497736687026778e-308,4.1945023117341634e-308,4.876489144281093e-308
54,0.05617465014497387,0.06068573210725326,0.05407180256298895,0.0673736967854723,0.06435013222649437,0.09356126640465677,0.11561560606110025,0.22912791199498744,0.10927993247257016,0.07167964965102903
55,0.05439492850142385,0.09816343537683703,0.038573194675849645,0.04400512056555831,0.036366461340792064,0.06236519379135282,0.07559632242296893,0.1289141276443179,0.058998088556382465,0.09918219500253149
56,2.094943226755162e-308,2.772837438281606e-308,1.720726397095549e-308,1.881806171675317e-308,2.3126383271439626e-308,1.0,2.257061188595082e-308,3.4715578368570587e-308,3.0250457666970427e-308,2.189350502491925e-308
57,4.342345545191115e-308,2.6952564643546368e-308,2.1533590302155965e-308,1.872798743502702e-308,1.584210413999232e-308,2.2521781236443324e-308,3.375250181658363e-308,3.6994859142738e-308,3.478295138685136e-308,1.0
58,2.527508647969503e-308,2.640685611329047e-308,3.184981030655337e-308,4.358895572944084e-308,2.1158823269374017e-308,2.422959066294537e-308,1.0,4.871050289295876e-308,3.1627084795898893e-308,3.5742102679184027e-308
59,0.04698002239255882,0.06095187535953756,0.051631081161302717,0.08657969655446345,0.05190182361546335,0.06809084692621344,0.20533124482615422,0.1752596596865484,0.06846533158697847,0.0627002957374402
60,0.29672958715601727,0.05766738253853865,0.0621030375972242,0.04415552663237476,0.04202896437066712,0.05727530477823102,0.06676496780288536,0.06992245021240812,0.11173529537721848,0.16268605624913976
61,0.05615236632723942,0.052000317345077665,0.0920441941744461,0.10270664396349412,0.04374970438099417,0.04575160622562647,0.16130305652313515,0.06637621597431571,0.05997633595405201,0.06967799183486888
62,0.05135961041338896,0.05696480596937457,0.04737494737277676,0.060220715388855865,0.05586947197000691,0.08484422732669714,0.10415958937940387,0.22719962131790478,0.0951004507331625,0.06617510901353968
63,0.6276450530141201,0.030607599982037194,0.07007220194890354,0.03275098980083759,0.03060801035990679,0.03230353669621404,0.037578147926509056,0.03263385711548034,0.05847335800094269,0.04732724515504871
64,0.07390608200751336,0.10525593859317968,0.060861674162254256,0.06952320504084752,0.046328947324584896,0.07130369695739436,0.14646225322088255,0.15277631309912038,0.07573939186055936,0.13818278514296067
65,0.0924335887455033,0.048439352521460706,0.21475412498341273,0.07893580863706477,0.046522265637125464,0.045978751954438214,0.07220323927762722,0.05131029290674117,0.06461725028127138,0.06633087131273274
66,0.06226073457180942,0.03058110168276978,0.04410106023799517,0.027353306311030473,0.03427735329320518,0.040324188132495324,0.03297967864825125,0.03184813105754644,0.0713285367364375,0.03918935095403721
67,0.031234946326190418,0.03408152704347843,0.056284194995153164,0.6020777037380536,0.042574063987530435,0.03486931453078535,0.07270970962974167,0.04329328027669712,0.03856336099870157,0.03401318168689182
68,0.022200671675360814,0.016301220868088252,0.04822969786544796,0.036131892589794254,0.026303846970617703,0.020629600246572025,0.023855847796253406,0.018149105804525906,0.02315506798069873,0.017472577473690788
69,0.08673873113521338,0.06051597500048257,0.2880350404532982,0.131228497714632,0.05903808290187828,0.056173819158310975,0.09548335514089032,0.06345571599430985,0.07139381662375194,0.07341877639756639
70,0.042129715686565684,0.02678184076385205,0.08870212825905419,0.049244663955343285,0.033425622114065,0.0279709283046926,0.04433316547715762,0.03012749974920743,0.039936187886849835,0.03492657074312812
71,0.035155642399571516,0.03588671870614285,0.06761874998807271,0.4336764976969482,0.04782161052143628,0.0379353231605831,0.0708367111436091,0.04465671486987466,0.04192557771768475,0.03631458905343968
72,0.02814355468771553,0.03690501112289486,0.01736832813900322,0.016743637530776557,0.014737253358763108,0.024248592110599414,0.026448828444789754,0.03135015133943509,0.024796382252214314,0.051851481693887716
73,2.08436149139787e-308,2.491130882820279e-308,1.7670455183800733e-308,1.84351307186787e-308,2.440867922366019e-308,1.0,2.101181319440257e-308,2.946180695053058e-308,3.0310658274532813e-308,2.041881186549266e-308
74,0.024607725824363096,0.016097117796465003,0.03139386290221885,0.024230595021401936,0.024090614852876068,0.02212747514896408,0.040690546256469395,0.026885343049764674,0.04715915814832271,0.0243830571029612
75,0.06446048420844655,0.1359777032286948,0.041637041401979095,0.04513664384684988,0.038368723035813984,0.07348057698144128,0.0705831090630145,0.11377591572770321,0.06447757454517337,0.10869566775263362
76,0.08369554424755422,0.05666283503798211,0.31767074079305374,0.12643074996033882,0.05713082660620492,0.05337673272063687,0.0913214818108516,0.060605674498065955,0.06877746301984769,0.06980976182579782
78,0.08139002682877175,0.05740373176476657,0.30566706715423325,0.13723670235320767,0.058684618720962034,0.05449195514973447,0.092177044838221,0.06101363350532253,0.06885447693962343,0.068562553265491
79,0.06547902280330642,0.07376129775614979,0.039963180355798746,0.04016909890159407,0.03383953799264786,0.04943907382390434,0.07236990545249812,0.08602865894517217,0.062237993434153316,0.15637805864571455
81,0.11219265541623794,0.07141173916896615,0.04807697329600691,0.04200877259321694,0.03767065609812421,0.060362695887151485,0.06819625330491541,0.08947113846057962,0.08702541689441398,0.31368708734865713
82,2.4788283389426176e-308,2.4881888679779253e-308,2.776363706998082e-308,3.430386207373192e-308,1.974598717554462e-308,2.2470580647937214e-308,1.0,5.220670874953214e-308,3.2799712686092225e-308,3.7993903512873338e-308
83,4.1001373685803584e-308,1.8666271029372275e-308,1.0,3.360250957410577e-308,2.286482317625583e-308,2.0109703786001016e-308,2.8316617451874114e-308,2.0778910254867984e-308,2.9559329505838634e-308,2.4337146642016324e-308
84,0.3557938265230953,0.04905808662998127,0.13461997456373706,0.056282991043305856,0.05051350773235442,0.05066442227114506,0.0618131194590053,0.05157337869136276,0.08954869164341807,0.07307099133543314
85,0.030447528942332613,0.033303703222564054,0.051617035764125546,0.46237664326255745,0.04649433648642802,0.03644290633305258,0.0730532257790661,0.044482278916476506,0.03860064756333632,0.032758479135092985
86,0.3819351131531812,0.050328495001813786,0.09319438953912022,0.04988264721812293,0.04663164746905176,0.05241122255540355,0.06508418522752583,0.057354779478603075,0.10948542586432507,0.09369209449285251
87,0.055358165079258274,0.06274242831163573,0.04451795864658309,0.04865884844314388,0.03810427283650594,0.05193696998955481,0.11084831258069536,0.1183485829267573,0.06872036899803351,0.10484490180266219
88,0.1955549791363206,0.04647840473317065,0.0708435717147906,0.047606343713930833,0.0515419839552691,0.05467762960914522,0.06981841255021323,0.06707526687943591,0.2843373026313128,0.09456199852066195
89,0.03593066264065786,0.052524635870141445,0.033380035040018685,0.04733081112642292,0.03624302466316426,0.06261310335825611,0.08495094213442088,0.37071279986625183,0.05151347214827087,0.05038715458200374
90,0.03816850939666656,0.041042130417330576,0.06644799786172606,0.4677978966854858,0.055751268618015735,0.04530754608967598,0.1002758264385871,0.05758932419429287,0.050534638587998226,0.042124672665117095
91,4.563714964470884e-308,2.529686301220363e-308,2.3935860403989263e-308,1.96436764959365e-308,1.5822391257709133e-308,2.075647150051926e-308,3.5947817954813397e-308,3.2729020291460533e-308,3.3534314677207837e-308,1.0
92,2.134249720458988e-308,1.0,1.6381187958101677e-308,1.8744238746038234e-308,1.5213423029002397e-308,2.8073815695765883e-308,2.3191824307341654e-308,2.8326791917872683e-308,2.039561923469611e-308,2.6756002129898186e-308
93,0.04624081078452171,0.0817464509463924,0.034824473259653724,0.04096453587768128,0.03196654696394493,0.05775844544922082,0.07453035974702844,0.14425806536539326,0.05139813042686952,0.08053329504942
94,2.349421882187516e-308,3.2051062939189373e-308,2.0838001893119756e-308,2.7252865492139784e-308,2.068193825386393e-308,3.360801695969571e-308,5.856573536783533e-308,1.0,3.3683756647635794e-308,3.5987322770457113e-308
95,0.09743149431497418,0.03762353674934933,0.3106683253043571,0.05762617614493823,0.0463426149078773,0.041685401916931916,0.05318599319781049,0.04101911225695362,0.06470834719278007,0.049444725050099954
96,5.242662354748917e-308,2.082729340080321e-308,2.9048911826947875e-308,2.212698352247946e-308,2.7107021030924614e-308,2.8068628119262894e-308,3.21616474345935e-308,3.3612303925829344e-308,1.0,3.6186971061767003e-308
97,0.2539233791939128,0.05629404449700196,0.06510960208131715,0.043930301682018696,0.04561686597813604,0.06242351448218687,0.06223753694580739,0.0653878744086017,0.14454363504184328,0.10574521815009597
98,4.0706403266904193e-308,2.8150688131460803e-308,2.0942172185800363e-308,1.879738926298423e-308,1.5856666871935684e-308,2.3142772870370095e-308,3.430915043858132e-308,3.9239748445447387e-308,3.4274851636772374e-308,1.0
99,0.06376093975817843,0.03671639175170381,0.038252433082379474,0.03087350954154521,0.024403882673253594,0.03113508455635576,0.05666592880805234,0.046203136827366625,0.04804616858640817,0.3531353133644242
100,0.06409605189333796,0.07796851297913199,0.03928679276002648,0.040570796042971036,0.03658410864878157,0.05799410936022364,0.06787483128182181,0.10299422357183284,0.06896235325450066,0.12333404831831138
101,1.6489587568511086e-308,1.9020261506685475e-308,2.6831169291964293e-308,1.0,2.6064704636513505e-308,2.067298115065629e-308,4.273323018265659e-308,2.574223325070681e-308,2.1456198257684634e-308,1.822302262638985e-308
102,0.06301394781935238,0.11358470002335658,0.04162827985477715,0.045884578228999204,0.039775398395583715,0.07106631329331552,0.07467977728300988,0.1287170718161377,0.06820071283270866,0.11004266024450964
103,0.6889631873215003,0.022817189218939292,0.044814070610478825,0.024323657771722886,0.0247098095806823,0.025589078732131416,0.03104448865120699,0.027760977110339893,0.06485832800733865,0.04059251419166931
104,0.03377403032378877,0.031374201054756905,0.07356567281225275,0.2656872117375716,0.038527602050772186,0.031475104072478485,0.053047601880024116,0.03488583523159599,0.03535160179625592,0.03209657089724359
105,1.5901379488433314e-308,1.3981434953905867e-308,1.9263541292011597e-308,2.235829366383807e-308,1.0,2.445448151651236e-308,1.839251312301042e-308,1.9108697563742007e-308,2.303924804346447e-308,1.3832671231536767e-308
106,0.039449828806718094,0.023190277353004263,0.08424935716264878,0.04420516781925067,0.033586589291162657,0.02827474140632696,0.06049376899295123,0.034340687634183104,0.05127058298777759,0.03484723083593449
107,0.04722888741889316,0.054982808910714644,0.0729357538914107,0.13953233739995943,0.044192309647473345,0.04675198291933206,0.14692563834904626,0.06613982885333342,0.05204141178853311,0.05799759780501344
108,0.033621893597902894,0.03071600133957783,0.024521514702464883,0.024646015091422977,0.02610110674435896,0.054877154765420835,0.041903571863520096,0.09053997663051401,0.05814143210816594,0.04367391380370208
109,0.09234997441255251,0.08714812022648408,0.048270679529702314,0.0462953617522993,0.04349118632656189,0.0820100222529026,0.07267984205129237,0.11896229305213989,0.09789166363678342,0.15467362697354306
110,0.08019902602833252,0.05870109141314862,0.07562611457748801,0.0658027493428764,0.0424946935481543,0.04918286866773368,0.15103205588846716,0.08426826620191512,0.07860915880793766,0.15578646197952373
112,0.02338097074957484,0.014490265342032998,0.02257836394881424,0.019248086488345462,0.04531056534829726,0.024772785937417722,0.021661227376918474,0.02107678263980155,0.04472891717725552,0.017694389693687272
113,0.034215017490689156,0.04134294627657758,0.05234908430913528,0.32895366296790124,0.0516890038474157,0.04510826164701171,0.11255476200064161,0.06067584690495523,0.046327572032524494,0.039697658660435654
114,0.050601649725832615,0.060536947836870296,0.05950488028846837,0.1006384267470581,0.055215850778298305,0.06612254582106342,0.3045444406243158,0.15393778473429576,0.07468155570116086,0.06742153352134761
115,0.17581516492781177,0.04456253944759631,0.120728651864684,0.05137291032287824,0.043983324944020526,0.04480608052488364,0.057195739400558374,0.046214899976718606,0.0761227007847122,0.06896164673813951
116,0.14037901671437145,0.04484904474270617,0.07554869725244656,0.04196770744804909,0.04785558438852901,0.05562366766785831,0.050559271692505535,0.047350054981563694,0.1056007354158376,0.0635729845331396
117,0.05948345937711102,0.2739596554014285,0.04044401088225326,0.04468941311734593,0.03710422987987032,0.07001905158737658,0.06255645788791685,0.0879048379018385,0.056594196577840185,0.08804630030290121
119,0.053271946552518545,0.049454798083884935,0.10868390156668509,0.14023175012628614,0.0460942789741644,0.044788289042947814,0.11300872101835342,0.05771182797273547,0.05574057641155639,0.059742467234577316
120,0.27579552737605134,0.059245207881971955,0.062405685252201026,0.04356998019069045,0.04073851945985877,0.057932805119428867,0.06571984749368208,0.06696100037982397,0.10889049164564212,0.1569253121915175
121,0.09278856477083937,0.0564581229166116,0.09119617995517727,0.0680326060138173,0.0451768675509446,0.04960596335431628,0.12118781917486299,0.07683103661831649,0.0853148108964897,0.15511051520420166
122,2.031399908112969e-308,2.5012790226701795e-308,1.7795510330538414e-308,1.9026870211659066e-308,2.5451523859223165e-308,1.0,2.1143852357698235e-308,2.9305562146493293e-308,2.957460073666899e-308,1.999397649867662e-308
123,0.056560747387650344,0.09579437351146813,0.04676921580809696,0.05876071694417809,0.0410920801800459,0.07081060679707787,0.11368936674939203,0.2103579492487419,0.06434098515714419,0.09219951568055132
124,4.968123500991246e-308,2.4765922388857653e-308,3.157755288129551e-308,2.4508841968700277e-308,3.0002611380535225e-308,3.71609699782953e-308,3.574739937621692e-308,3.961159577619726e-308,1.0,3.948514942517081e-308
125,0.06428446816127473,0.039767347404013026,0.05119549642295432,0.040820837118542036,0.029043271851722702,0.03445689215091699,0.08277535083063238,0.05564453820353873,0.058299669759573604,0.15331395089846164
126,0.022757497757433052,0.016066924233535937,0.03625248746872964,0.02818220458573271,0.04218352265645301,0.022783830524818412,0.023798856758870272,0.01913816585589279,0.028090696932215165,0.01754112093077917
127,2.1320580934495077e-308,1.0,1.5804841289470738e-308,1.7973238885156584e-308,1.4647498594122093e-308,2.73309805860454e-308,2.304856801361473e-308,2.935645832512638e-308,2.027755916458257e-308,2.7903871290087473e-308
128,0.0516312418783691,0.25879008134225384,0.035433300137405276,0.03926251269871297,0.032549907230863116,0.06201247980456502,0.05435339783009463,0.07600036278272242,0.049168470410159884,0.07511376642683548
129,0.017743244573715667,0.0173728048012919,0.02948622261839854,0.055464426035152344,0.043870042951984205,0.024250997631330363,0.029470192704391773,0.023485836721968044,0.024482717034965216,0.01724105097341358
130,3.667450743881199e-308,1.755732152873307e-308,1.0,3.575556196603412e-308,2.355931940510995e-308,1.9170524132074223e-308,2.859314769148865e-308,2.0358794248820206e-308,2.82467360867678e-308,2.2880578200652195e-308
131,0.07924855877922674,0.044209215020671495,0.09572780718489755,0.05909271345896678,0.041027688372216826,0.04254765352682558,0.085239291673802,0.05502886111985513,0.06882053265843141,0.09515038273956729
132,1.0,1.8158391251242483e-308,4.086535754003683e-308,1.9824220888418275e-308,1.9248928909602556e-308,1.986311915256386e-308,2.3237717552745535e-308,2.0368300670215197e-308,3.9048360312843594e-308,2.909831090742846e-308
133,0.028868198906677477,0.3916659843306202,0.023726429041391092,0.028373340011637133,0.02224470925053405,0.03875931652044072,0.03399148843602538,0.03917357924052176,0.02814423505266645,0.035389933855235374
134,1.6049179252954145e-308,1.4503009938674966e-308,2.001853739092872e-308,2.4124232549026552e-308,1.0,2.5312075587412544e-308,1.9162853121787037e-308,1.9710107207441005e-308,2.310848388042869e-308,1.413620724868481e-308
135,0.09387742540962468,0.06216300125380229,0.24148847261395395,0.11279757674689114,0.056492653842423274,0.05614486099396403,0.10136782615852666,0.06627756719571962,0.07495251561719324,0.08318706568324093
136,0.03234114762609211,0.028372381704699166,0.06272005046312262,0.0629539272771611,0.026738652700335094,0.02611720092129071,0.06331517126022572,0.03276457905393454,0.03227290320737779,0.03661488211322379
137,0.05578221436058404,0.08013799648910781,0.049168992994457456,0.06414449835833828,0.04577307244022937,0.06383445641317878,0.1294387406238587,0.2011823129277142,0.07276311513287821,0.08815015772399974
138,0.09143067753409563,0.09758868749513992,0.052943271598085206,0.052510294086348365,0.04364219221511952,0.06482232564660874,0.09039129294614748,0.10756055157832535,0.08286059129301472,0.20145411649229503
139,0.3022612991176291,0.06134995680327959,0.09743331348279458,0.05460586865991223,0.05001890322241842,0.0588971744019952,0.06597077970163792,0.06008348157572243,0.10148984838722122,0.0989110140776909
140,0.044830524913172534,0.062011747300125944,0.044747113289112204,0.062452322307712825,0.04311041892243541,0.055647753348837245,0.12524235923350704,0.155405746383677,0.062014678120233556,0.06627861401358547
141,0.06372542925576152,0.0943921236487483,0.03714485587943955,0.03760357178324127,0.03270091045900303,0.05898858286149369,0.05945844142639751,0.08893523942935765,0.059051020862144254,0.121576003090173
142,2.174320588017815e-308,1.0,1.67113619559057e-308,1.8909016513166434e-308,1.5487918385047775e-308,2.86962599956701e-308,2.3021487894006404e-308,2.7869020512758556e-308,2.0715685102843727e-308,2.669608041012905e-308
143,1.745716727041181e-308,1.942860462610707e-308,3.0291020315994594e-308,1.0,2.543319364218216e-308,2.0462487280869874e-308,4.2538258943210145e-308,2.5282104812571477e-308,2.2035997028769315e-308,1.906208603638152e-308
144,0.05147915057453876,0.06032361074566253,0.055523057430711203,0.07965586166870733,0.04701720636789676,0.05657252071217022,0.31722584502737344,0.17059118143992105,0.07241687167037339,0.0762188690048754
145,0.09264236584704336,0.045806065117827637,0.07328695129857989,0.05587185352573428,0.07238017987308693,0.06646674681280543,0.07938270013402546,0.0742187650008891,0.3668419060042382,0.0692519915528655
146,0.06844698099659889,0.039584200184556446,0.35826325743383625,0.08521001507196985,0.043490821125366515,0.039019550395538005,0.06953806816913394,0.045752869199635705,0.056025983248460115,0.054597124962736034
147,2.3550157934758263e-308,3.146093889326878e-308,2.0548783645765784e-308,2.658348633275143e-308,2.1758787614463805e-308,3.799824891317868e-308,5.083309592200431e-308,1.0,3.538128541205663e-308,3.427008348026993e-308
148,0.03334662254831795,0.037535667975544904,0.032745608131608754,0.03541400283525612,0.05588559604962252,0.16566874783193136,0.036502373220275386,0.046157617486620714,0.052852777401591694,0.031892092283963024
149,1.0,1.85402080300212e-308,3.4290786832874865e-308,1.916815018480818e-308,1.9489819175735033e-308,2.066377862047111e-308,2.4880495446998164e-308,2.257307168831399e-308,5.283810134705674e-308,3.389159225274227e-308
150,0.10522604465493944,0.03612713265254033,0.2305383164220498,0.052039354655944364,0.0438572191007268,0.04087096452679182,0.04853992856416865,0.03843100480215249,0.06096000381950793,0.047438790345869154
151,0.06154671850973679,0.17543778923902878,0.04096191181777015,0.04504689436915102,0.03779772322754606,0.07257716982781431,0.0666930897426691,0.09968780069896478,0.060067130575490506,0.09677721178357898
152,2.056274718450065e-308,2.819306968036387e-308,1.7040728670639586e-308,1.8645809521379284e-308,2.278484037169966e-308,1.0,2.1848051727185125e-308,3.268836319813405e-308,2.87714893464911e-308,2.127959829371061e-308
153,0.05179904806154842,0.0457238367012512,0.11264199323108236,0.13587997433350932,0.045343107653420055,0.04298827125109511,0.1047188372276131,0.054314902242825355,0.05417374789338787,0.056318845399537715
154,0.06194160263534108,0.0760427261446713,0.039705764303611286,0.04119612838827248,0.03474882730633151,0.05159605609354354,0.07514037834678322,0.09540186538473257,0.06311672027666941,0.14077575923098293
155,1.6090545043578322e-308,1.4449348941376273e-308,1.962061365055969e-308,2.323776485276127e-308,1.0,2.573831318697843e-308,1.896489841378275e-308,1.98042508709149e-308,2.345414335006366e-308,1.414887754737299e-308
156,1.0,2.215682010468033e-308,2.447270954020012e-308,1.6608861658980113e-308,1.58989562690824e-308,2.1238023047185997e-308,2.266279083693989e-308,2.3274400874739455e-308,3.634178134529157e-308,4.483511421967577e-308
157,1.0,2.3279516671698794e-308,2.7727242112989044e-308,1.7896669678162127e-308,1.700788255094811e-308,2.236015459318598e-308,2.3815486059474077e-308,2.3661664253949783e-308,3.9067462597436823e-308,4.4097834891282214e-308
158,0.0639933563352646,0.12263382779618479,0.04094126294145673,0.044006874317553096,0.03799683576681606,0.07571984587169273,0.06969139809799732,0.11902061890467512,0.06562125051165461,0.1077379200671665
159,0.04693782377429247,0.041783774489965744,0.10605114698296829,0.1794379786154914,0.051574876468405945,0.0439928019479044,0.10768158745750703,0.05656848994521576,0.05704542798953522,0.04957123552321944
160,5.317845470591207e-308,2.067371886809191e-308,2.935940548328342e-308,2.2131262533901236e-308,2.72811087847487e-308,2.790855606047313e-308,3.191936168252425e-308,3.306833838711625e-308,1.0,3.557033774636439e-308
161,0.14314760738097826,0.05758148880750532,0.0659259403425557,0.05017162971615421,0.05191860214554897,0.06492980953557864,0.07752549047061186,0.08520350599148473,0.1933979939190622,0.1485097860001692
163,0.04358372966557867,0.04877414133977821,0.039531058125951986,0.04846407434998628,0.039093269586282585,0.05760704731611191,0.11447294096390852,0.3341096608939684,0.07276054554972883,0.06498992717529543
164,0.03762199005423985,0.025940115846048092,0.08397458622784826,0.052629494344697825,0.0324044525556832,0.026717439564447304,0.04561823793327706,0.029774986374042092,0.03765075733730549,0.033525168528299905
165,0.09723665322941957,0.0334350847271631,0.04741084523224254,0.034857026976175605,0.040083865784324275,0.04228151698955517,0.05172315052575244,0.05254411609310825,0.5227606819574816,0.06363865231863268
166,0.055213218615922446,0.07084664016027609,0.055899455699616615,0.07819360246677705,0.05373448079341164,0.06783827055295474,0.16982449933578384,0.21360246635504304,0.08155111696187102,0.08066314019206908
168,0.054050439058223154,0.05373816638812083,0.03930725422738845,0.040996232709270275,0.04277227402971479,0.07768735483779937,0.06947047659081924,0.17142638046791261,0.09313694852701951,0.07528119617042726
169,0.028450455173372965,0.03569951828466699,0.023204163294680124,0.02468960697527441,0.030342007334455513,0.6656673872796646,0.02988789602541213,0.04507562695330225,0.04124782558324959,0.02936497519697662
170,1.0,1.8177429508730666e-308,3.575222299714803e-308,1.898425447406527e-308,1.9112585855921843e-308,2.0268077619432243e-308,2.3375938953079543e-308,2.1144431298688507e-308,4.441025101123985e-308,3.072003772826298e-308
171,0.03377937374923137,0.042753422438758355,0.04151379498253668,0.08331888574002264,0.037513347543128135,0.04289345390762308,0.37904871266841145,0.09184452696505045,0.04644375842399676,0.044546575100068035
172,2.0303179909928726e-308,1.0,1.543819047744043e-308,1.784238504484595e-308,1.446243198082444e-308,2.695840723531924e-308,2.2658079803087273e-308,2.843039664497563e-308,1.94994739966967e-308,2.615011468457538e-308
173,0.36636841111354257,0.0569666830230659,0.08846041094502233,0.05090373630992242,0.04889182445270242,0.05894812343214397,0.06395560684333568,0.060453506688146724,0.10708695387271139,0.09796474331940662
174,2.488662656151456e-308,3.0670163428262625e-308,2.0459513821346817e-308,2.457848199946459e-308,2.0916740772900213e-308,3.680079546192761e-308,4.856437884811805e-308,1.0,3.783512005448229e-308,3.8017434058402906e-308
176,4.0106806621112505e-308,1.769772253896982e-308,1.0,3.3334647294873615e-308,2.3660621487789643e-308,1.946593742885017e-308,2.7795437918031776e-308,2.026024965527349e-308,2.9233359857848144e-308,2.3181104568958353e-308
177,0.03718505391249733,0.04045233981770592,0.0623049145134174,0.14153944209304697,0.038323315123178395,0.03680325487296739,0.12333807119751158,0.05381165951405809,0.04425180791636632,0.04490775692981209
178,1.6949138219698675e-308,1.457778307279516e-308,2.0864176973104306e-308,2.3400875601160954e-308,1.0,2.5079955510625844e-308,1.9528936752977514e-308,1.9680284640815864e-308,2.479258449271199e-308,1.4592568070949047e-308
179,1.5887618096448577e-308,1.4118128872166567e-308,1.9480638766486057e-308,2.29830336611862e-308,1.0,2.4597292567521587e-308,1.8625379735612637e-308,1.9273837853441705e-308,2.296335136273594e-308,1.3894667319472314e-308
180,0.05272280112290472,0.028340327841126327,0.028673240268009863,0.023781520172235168,0.025110065738898617,0.03179347035677669,0.040397520430954174,0.043275031128233166,0.06876151190689976,0.06873460165834415
181,0.019847862795886014,0.03198323865569459,0.020193110501349913,0.027330781944364495,0.016919814000154246,0.023005765640587605,0.05314131507882557,0.039019885623157766,0.021012741921003105,0.029138836089536185
182,0.02321877783499405,0.022442178464649187,0.0331440199978302,0.04897119069353257,0.11003803095302006,0.03666362262070093,0.0332790638042206,0.031397689424688895,0.03357362115811313,0.021752653683577407
183,0.033935668793669466,0.017644634840486596,0.6910146704915668,0.0390036422064995,0.024457570246092672,0.019512466305593078,0.03171783289034715,0.021492749445880633,0.02974092602359383,0.023382861880570847
184,0.060777238702125605,0.0870556630672696,0.04304096994770801,0.048665015143975955,0.04119878204019932,0.0810668399985612,0.08550205588504052,0.21799660213601985,0.07329779319344153,0.10388102027027754
185,0.03177666681368165,0.5975837379869076,0.022982337495641703,0.025823470641815463,0.021065623569078904,0.03905414723602086,0.03368449490697118,0.04368026399602619,0.029867330378895097,0.042735896882798885
186,0.08216048536266991,0.03696724811667631,0.31795250923514656,0.0589750239287646,0.044261721506632615,0.040325996509178605,0.050457039586098665,0.039041172251073245,0.0578338004258459,0.04600731091866984
187,1.8295971775188385e-308,1.828674413634276e-308,3.687340984065826e-308,1.0,2.229253781584294e-308,1.826391246250821e-308,3.4032692716080034e-308,2.1364216757073837e-308,2.0475615607643226e-308,1.858341945352799e-308
188,0.08698965453400002,0.0844224606768642,0.05519350500030203,0.05361438144198387,0.043365229695015314,0.061861773227417656,0.10274643905168024,0.10806469906447086,0.08346873419477119,0.24563480704671586
189,0.08364526961606876,0.055270777787934315,0.1720428197209102,0.10469464822373584,0.06049718239204833,0.0548696951916091,0.13705796331989895,0.07440449827599598,0.0936772767946208,0.08670321998243923
190,0.026275043001442743,0.02321593452623818,0.031784550358594614,0.03572958276851662,0.028698764793558425,0.027878356579262235,0.091561119492081,0.048749201525796405,0.04893693485384769,0.034442506775116205
191,0.036995043851376426,0.033875167592580746,0.02642558121277092,0.026505082727631652,0.033201630921317775,0.059421672145261985,0.03896050310083658,0.06398153452975362,0.07448153083155573,0.04212894789761367
192,0.03478920193713891,0.03254712334032505,0.05239818198886451,0.07102081858233943,0.03522887755449271,0.03389359633310226,0.1973917203964048,0.059092090465823394,0.0519538369064794,0.044423751687341154
193,2.5340744798871093e-308,2.58598232291958e-308,3.013491678758879e-308,4.070650562050061e-308,2.268889739200911e-308,2.6155688065097963e-308,1.0,6.200548416276931e-308,3.63295925392116e-308,3.6126438865320386e-308
194,2.183533892531812e-308,3.032083899143247e-308,1.986134743524382e-308,2.7355080212826393e-308,2.243824611196595e-308,3.7593905202204956e-308,4.726048190573945e-308,1.0,3.300513137146853e-308,3.045121629712536e-308
195,0.04193764650392224,0.04005949105109064,0.04956665717025547,0.0588559334749327,0.03283412190269011,0.0360473089937779,0.517228122225561,0.0757026719645414,0.05403033881243119,0.06270452572808617
196,0.06072889312701849,0.09779519120906634,0.054101790706531476,0.06945372963989356,0.04295350265247156,0.06529678962407666,0.14438217945781479,0.15119857308525428,0.06488605737035273,0.0995788505918669
197,3.1763082202315266e-308,1.7262477201038204e-308,1.0,3.845440362057043e-308,2.1018725633378876e-308,1.7812229768245967e-308,2.8393668415988483e-308,1.968939911439274e-308,2.5116345038759586e-308,2.2366003672350636e-308
198,0.06338965201458556,0.039534965273034635,0.042640822304777,0.03674591236894146,0.04458248680976813,0.05968656384935865,0.05710522790462644,0.07302157066576517,0.2353599758568351,0.06548725486423303
199,0.365160123155266,0.05923926523850765,0.090580802086244,0.05179279854976613,0.04991942837028969,0.059932259653033025,0.06329460447598494,0.05953808267521478,0.10547582803141656,0.09506680776427706
200,0.04328530477883793,0.062245367811245345,0.043483124129437056,0.0614942187164282,0.03870498798420922,0.05289514296382067,0.1556087323381912,0.17324848049292177,0.0563153625750984,0.06588983059479994
201,1.0,2.1453404719376004e-308,2.468298862185e-308,1.655547800229995e-308,1.567664146797984e-308,2.0571536871675773e-308,2.2551757525501633e-308,2.2809132868378127e-308,3.5437524175424987e-308,4.407735816992412e-308
202,0.03369440808763735,0.032361243117960785,0.024017262415272796,0.023531705686944314,0.03184209459508919,0.07496896308483987,0.03138945008796804,0.0485820729242936,0.06338499374155201,0.034566001212310536
203,0.10334817340808833,0.040965438641450226,0.14068004657318606,0.055885224444504035,0.04605549648471472,0.04380602907191012,0.0613245077535258,0.045475709295333684,0.07229524796824502,0.06165094101415556
204,0.19831741049082363,0.06735893540275052,0.06736734493337516,0.04858570384992575,0.05299163111505239,0.07976706074881279,0.06691130027653347,0.07607013825109038,0.16462660082751557,0.10961428562068153
205,0.03280589339301811,0.027102096366988557,0.038228808446305364,0.040427462353089944,0.4456912973814054,0.04683723076525225,0.035258422323147735,0.03613564443016649,0.04740366539230429,0.02747138508240613
206,1.766332322304326e-308,1.9261123830238387e-308,3.2418896407377634e-308,1.0,2.290434948487748e-308,1.909135658480734e-308,3.789497406900572e-308,2.3219200963985554e-308,2.0850556561386185e-308,1.896761132270855e-308
208,0.04420348241963954,0.052481999018510174,0.040319820702272774,0.042575288037202744,0.05897828108824802,0.45739626106162257,0.046318094978875124,0.06108557039335501,0.06656035071872887,0.04274999592668962
209,0.08326508965230602,0.074514664902687,0.04491251982966093,0.04320458639774881,0.03764519339357686,0.06184837662567667,0.07535229316455315,0.1111626874651482,0.08125213137005263,0.2782998585853435
210,0.025214329643143064,0.02881618770686196,0.04212591676595929,0.6665763544579244,0.039271832874086525,0.031122530808874806,0.06021536267030783,0.037150758968397035,0.03188854487534304,0.027319464442325688
211,0.055747012721512376,0.07510089423448744,0.036956082852835206,0.03811979126377732,0.03806897014078268,0.10475829281600607,0.0581857092441962,0.11442715904686529,0.0693945258697868,0.07455693819325833
212,0.2647432076999509,0.060431010537784845,0.10893208265433578,0.05759696400414091,0.051127380879098495,0.05707830287286958,0.06766086163470461,0.05898517603306261,0.09841309481760101,0.09493667337315718
213,0.029450670067965524,0.029008649919911176,0.05978582496290824,0.3894465313372715,0.03429081842493973,0.02848333413911462,0.05008471666526449,0.03236359576579709,0.031493229947913134,0.029146294486286528
215,0.05984752991998257,0.041141674887368355,0.16269052695403094,0.09745425846346915,0.04956379388266877,0.043063073767605646,0.10331880220131935,0.055590761741430704,0.06773054090692192,0.05820517272350413
217,0.032151399585321906,0.026726549952779583,0.03781315362819321,0.040767604514823655,0.5365810477638755,0.04678256018245604,0.035716687057149324,0.036683759197893406,0.04803940974506022,0.02732088312442578
218,2.1964760239803645e-308,2.662486737505902e-308,2.70147441619369e-308,4.784729088914712e-308,2.2101175879311047e-308,2.561410381303784e-308,1.0,5.637105289922596e-308,2.918868712950805e-308,2.979769572344979e-308
219,0.041760340524021895,0.04960241471523581,0.03855288269798324,0.04137077523380441,0.059024648896754246,0.48992140228603154,0.044295469941169625,0.05870121625439833,0.06303177660440942,0.040412634877702504
220,0.05908626774589087,0.09688648780234241,0.04701025998244493,0.05805493416327062,0.043984622884176365,0.07034608080463928,0.10599002612515163,0.20067828333410792,0.07132290282843923,0.09701569179388339
221,0.0718242617472682,0.10467448540193336,0.04897828342110042,0.05432519147569487,0.04611587812802221,0.0771959450628427,0.09284370450606634,0.16169521077880067,0.08121605590855341,0.13696371165202992
222,0.05488888373755714,0.061714587121390406,0.09481004326187775,0.24566375608333704,0.05570911524688996,0.05474471676379338,0.15183499017120308,0.07481282957860509,0.06258494195629864,0.06449648229758947
223,0.06870703848417702,0.11859030650810276,0.05714480859296533,0.06942768684247594,0.04731935173081445,0.07532545450383467,0.1340366120273598,0.17803600733464783,0.07405022825460379,0.11889333864103967
224,0.05478166324579837,0.044305345373984194,0.15709244783299722,0.18814727394287406,0.05252748217950794,0.04435771250298366,0.07500325653443052,0.04893683790583201,0.053208913871497565,0.048746776561255346
225,0.03560318110573852,0.03700963380238933,0.028386046925662534,0.028939839797517054,0.04160348525126706,0.13304370106517313,0.036047014721345326,0.05285360446473653,0.06551798638742394,0.035654895818847704
226,0.021528010248241105,0.028209445833061664,0.01751470037386047,0.01887431759987436,0.023188005019646202,0.7014989806291958,0.022583870528585265,0.03431022722406967,0.030561554117977813,0.0223004229689348
227,2.0414662587599963e-308,2.6196656860337563e-308,1.7880375840589826e-308,2.0115728461634427e-308,2.693864292309756e-308,1.0,2.277192674638129e-308,3.3538410861313694e-308,3.1018461015736246e-308,2.082732322283544e-308
228,0.04225344083875814,0.054765779129844025,0.030232624640648086,0.03371724240707204,0.030103084798362826,0.0602681481802551,0.05823581468549947,0.17836828774537108,0.055767487636985136,0.06841890397211584
229,0.045461385628037115,0.022058619427440026,0.03855344026506951,0.02545523348483517,0.03668953329423371,0.03574424894406947,0.03231359890586861,0.030167940900767222,0.09589234674680082,0.030421459753739333
230,0.025646888891922265,0.032607418393561384,0.03171919014065881,0.06370423141658958,0.028783236781798203,0.03297856169279373,0.2635558953146939,0.0693749804382075,0.03552000966734491,0.03373844602724739
231,0.05611480122195215,0.05898035737818358,0.03959028546789834,0.040330292936729,0.03347691434092229,0.05620023858930955,0.08242854368723229,0.12184477843735336,0.06234418091922764,0.11874542767645418
232,0.11185663864050945,0.06162686807990484,0.047260797188004716,0.0391934174723269,0.040679632298897914,0.06980100701206594,0.058749780268526876,0.0787462411370814,0.11236366501682138,0.12132945889187989
233,0.038047872417096756,0.01695293378815239,0.04371849125613702,0.022107335036496662,0.02749002474454574,0.02400354547532055,0.02451973425818427,0.020327444081087935,0.0423021142242261,0.022193895078138223
234,0.016273910313705276,0.014469059214682391,0.01960782475273391,0.02314553923615782,0.6090981144453665,0.02533734575223772,0.018954786089710126,0.019933653483987335,0.023565149278875715,0.014266411552213393
235,0.08380693522222857,0.09246613238435582,0.04820632137802995,0.04825739862385377,0.04401691216919424,0.08865873749006908,0.07836679080521058,0.14640371022410323,0.09307490010912255,0.15031131188061705
236,0.03578162660299975,0.03977820171910706,0.06517263262457086,0.31478517070506223,0.040408131376199016,0.036696181185134825,0.0840547527039846,0.04711082723761595,0.04097768135100301,0.040176937597615536
237,5.665297642947205e-308,2.048887317110699e-308,2.951337654330146e-308,2.174564052678404e-308,2.6498156675319904e-308,2.69690801506823e-308,3.1172971946179007e-308,3.1845153018896066e-308,1.0,3.5720340758279094e-308
238,0.04917511815619141,0.045576518994769596,0.05897587663153783,0.06740718744463897,0.037725046856230834,0.04095332884209306,0.402732483041463,0.08287113605208256,0.06236213163559899,0.07334430394664317
239,0.02566200973433802,0.024372531952532736,0.029294606990927348,0.03438104065100923,0.20806623430579935,0.04976166223462546,0.02968799287907371,0.03331451564028208,0.03879733116250594,0.023038185087939502
240,0.424323206464678,0.05303994356263352,0.07616087559796977,0.04553966345136239,0.04422896945812926,0.05467688255694552,0.05764352413689429,0.05579514705268995,0.09749682567180218,0.09109496204689506
